1,401,Mon Jan 31 2022 18:09:55 GMT+0100 (hora estándar de Europa central)
1,403,Mon Jan 31 2022 18:09:59 GMT+0100 (hora estándar de Europa central)
1,404,Mon Jan 31 2022 18:10:03 GMT+0100 (hora estándar de Europa central)
1,401,Mon Jan 31 2022 18:10:07 GMT+0100 (hora estándar de Europa central)
1,407,Mon Jan 31 2022 18:10:11 GMT+0100 (hora estándar de Europa central)
1,403,Mon Jan 31 2022 18:10:15 GMT+0100 (hora estándar de Europa central)
1,403,Mon Jan 31 2022 18:10:19 GMT+0100 (hora estándar de Europa central)
1,404,Mon Jan 31 2022 18:10:23 GMT+0100 (hora estándar de Europa central)
1,403,Mon Jan 31 2022 18:10:27 GMT+0100 (hora estándar de Europa central)
1,404,Mon Jan 31 2022 18:10:31 GMT+0100 (hora estándar de Europa central)
1,404,Mon Jan 31 2022 18:10:35 GMT+0100 (hora estándar de Europa central)
1,406,Mon Jan 31 2022 18:10:39 GMT+0100 (hora estándar de Europa central)
1,404,Mon Jan 31 2022 18:10:43 GMT+0100 (hora estándar de Europa central)
1,412,Mon Jan 31 2022 18:10:47 GMT+0100 (hora estándar de Europa central)
1,422,Mon Jan 31 2022 18:10:51 GMT+0100 (hora estándar de Europa central)
1,418,Mon Jan 31 2022 18:10:55 GMT+0100 (hora estándar de Europa central)
1,412,Mon Jan 31 2022 18:10:59 GMT+0100 (hora estándar de Europa central)
1,413,Mon Jan 31 2022 18:11:03 GMT+0100 (hora estándar de Europa central)
1,417,Mon Jan 31 2022 18:11:07 GMT+0100 (hora estándar de Europa central)
1,415,Mon Jan 31 2022 18:11:11 GMT+0100 (hora estándar de Europa central)
1,416,Mon Jan 31 2022 18:11:15 GMT+0100 (hora estándar de Europa central)
1,421,Mon Jan 31 2022 18:11:19 GMT+0100 (hora estándar de Europa central)
1,423,Mon Jan 31 2022 18:11:23 GMT+0100 (hora estándar de Europa central)
1,417,Mon Jan 31 2022 18:11:27 GMT+0100 (hora estándar de Europa central)
1,421,Mon Jan 31 2022 18:11:31 GMT+0100 (hora estándar de Europa central)
1,414,Mon Jan 31 2022 18:11:35 GMT+0100 (hora estándar de Europa central)
1,411,Mon Jan 31 2022 18:11:39 GMT+0100 (hora estándar de Europa central)
1,415,Mon Jan 31 2022 18:11:43 GMT+0100 (hora estándar de Europa central)
1,405,Mon Jan 31 2022 18:11:47 GMT+0100 (hora estándar de Europa central)
1,406,Mon Jan 31 2022 18:11:51 GMT+0100 (hora estándar de Europa central)
1,404,Mon Jan 31 2022 18:11:55 GMT+0100 (hora estándar de Europa central)
1,403,Mon Jan 31 2022 18:11:59 GMT+0100 (hora estándar de Europa central)
1,405,Mon Jan 31 2022 18:12:03 GMT+0100 (hora estándar de Europa central)
1,405,Mon Jan 31 2022 18:12:07 GMT+0100 (hora estándar de Europa central)
1,408,Mon Jan 31 2022 18:12:11 GMT+0100 (hora estándar de Europa central)
1,408,Mon Jan 31 2022 18:12:15 GMT+0100 (hora estándar de Europa central)
1,409,Mon Jan 31 2022 18:12:19 GMT+0100 (hora estándar de Europa central)
1,409,Mon Jan 31 2022 18:12:23 GMT+0100 (hora estándar de Europa central)
1,414,Mon Jan 31 2022 18:12:27 GMT+0100 (hora estándar de Europa central)
1,409,Mon Jan 31 2022 18:12:31 GMT+0100 (hora estándar de Europa central)
1,411,Mon Jan 31 2022 18:12:35 GMT+0100 (hora estándar de Europa central)
1,410,Mon Jan 31 2022 18:12:39 GMT+0100 (hora estándar de Europa central)
1,405,Mon Jan 31 2022 18:12:43 GMT+0100 (hora estándar de Europa central)
1,407,Mon Jan 31 2022 18:12:47 GMT+0100 (hora estándar de Europa central)
1,405,Mon Jan 31 2022 18:12:51 GMT+0100 (hora estándar de Europa central)
1,404,Mon Jan 31 2022 18:12:55 GMT+0100 (hora estándar de Europa central)
1,476,Mon Jan 31 2022 18:12:59 GMT+0100 (hora estándar de Europa central)
1,536,Mon Jan 31 2022 18:13:03 GMT+0100 (hora estándar de Europa central)
1,472,Mon Jan 31 2022 18:13:07 GMT+0100 (hora estándar de Europa central)
1,401,Mon Jan 31 2022 18:13:59 GMT+0100 (hora estándar de Europa central)
1,401,Mon Jan 31 2022 18:14:03 GMT+0100 (hora estándar de Europa central)
1,410,Mon Jan 31 2022 18:14:07 GMT+0100 (hora estándar de Europa central)
1,401,Mon Jan 31 2022 18:14:11 GMT+0100 (hora estándar de Europa central)
1,406,Mon Jan 31 2022 18:14:15 GMT+0100 (hora estándar de Europa central)
1,402,Mon Jan 31 2022 18:14:19 GMT+0100 (hora estándar de Europa central)
1,408,Mon Jan 31 2022 18:14:23 GMT+0100 (hora estándar de Europa central)
1,405,Mon Jan 31 2022 18:14:27 GMT+0100 (hora estándar de Europa central)
1,406,Mon Jan 31 2022 18:14:31 GMT+0100 (hora estándar de Europa central)
1,404,Mon Jan 31 2022 18:14:35 GMT+0100 (hora estándar de Europa central)
1,409,Mon Jan 31 2022 18:14:39 GMT+0100 (hora estándar de Europa central)
1,401,Mon Jan 31 2022 18:14:43 GMT+0100 (hora estándar de Europa central)
1,404,Mon Jan 31 2022 18:14:47 GMT+0100 (hora estándar de Europa central)
1,404,Mon Jan 31 2022 18:14:51 GMT+0100 (hora estándar de Europa central)
1,405,Mon Jan 31 2022 18:14:55 GMT+0100 (hora estándar de Europa central)
1,411,Mon Jan 31 2022 18:14:59 GMT+0100 (hora estándar de Europa central)
1,408,Mon Jan 31 2022 18:15:03 GMT+0100 (hora estándar de Europa central)
1,407,Mon Jan 31 2022 18:15:07 GMT+0100 (hora estándar de Europa central)
1,404,Mon Jan 31 2022 18:15:11 GMT+0100 (hora estándar de Europa central)
1,402,Mon Jan 31 2022 18:15:15 GMT+0100 (hora estándar de Europa central)
1,403,Mon Jan 31 2022 18:15:19 GMT+0100 (hora estándar de Europa central)
1,402,Mon Jan 31 2022 18:15:23 GMT+0100 (hora estándar de Europa central)
1,401,Mon Jan 31 2022 18:15:27 GMT+0100 (hora estándar de Europa central)
1,403,Mon Jan 31 2022 18:15:31 GMT+0100 (hora estándar de Europa central)
1,406,Mon Jan 31 2022 18:15:35 GMT+0100 (hora estándar de Europa central)
1,405,Mon Jan 31 2022 18:15:39 GMT+0100 (hora estándar de Europa central)
1,405,Mon Jan 31 2022 18:15:43 GMT+0100 (hora estándar de Europa central)
1,404,Mon Jan 31 2022 18:15:47 GMT+0100 (hora estándar de Europa central)
1,402,Mon Jan 31 2022 18:15:51 GMT+0100 (hora estándar de Europa central)
1,402,Mon Jan 31 2022 18:15:55 GMT+0100 (hora estándar de Europa central)
1,413,Mon Jan 31 2022 18:15:59 GMT+0100 (hora estándar de Europa central)
1,409,Mon Jan 31 2022 18:16:03 GMT+0100 (hora estándar de Europa central)
1,412,Mon Jan 31 2022 18:16:07 GMT+0100 (hora estándar de Europa central)
1,419,Mon Jan 31 2022 18:16:11 GMT+0100 (hora estándar de Europa central)
1,417,Mon Jan 31 2022 18:16:15 GMT+0100 (hora estándar de Europa central)
1,420,Mon Jan 31 2022 18:16:19 GMT+0100 (hora estándar de Europa central)
1,416,Mon Jan 31 2022 18:16:23 GMT+0100 (hora estándar de Europa central)
1,415,Mon Jan 31 2022 18:16:27 GMT+0100 (hora estándar de Europa central)
1,416,Mon Jan 31 2022 18:16:31 GMT+0100 (hora estándar de Europa central)
1,408,Mon Jan 31 2022 18:16:35 GMT+0100 (hora estándar de Europa central)
1,409,Mon Jan 31 2022 18:16:39 GMT+0100 (hora estándar de Europa central)
1,406,Mon Jan 31 2022 18:16:43 GMT+0100 (hora estándar de Europa central)
1,406,Mon Jan 31 2022 18:16:47 GMT+0100 (hora estándar de Europa central)
1,405,Mon Jan 31 2022 18:16:51 GMT+0100 (hora estándar de Europa central)
1,403,Mon Jan 31 2022 18:16:55 GMT+0100 (hora estándar de Europa central)
1,402,Mon Jan 31 2022 18:16:59 GMT+0100 (hora estándar de Europa central)
1,410,Mon Jan 31 2022 18:17:03 GMT+0100 (hora estándar de Europa central)
1,412,Mon Jan 31 2022 18:17:07 GMT+0100 (hora estándar de Europa central)
1,414,Mon Jan 31 2022 18:17:11 GMT+0100 (hora estándar de Europa central)
1,410,Mon Jan 31 2022 18:17:15 GMT+0100 (hora estándar de Europa central)
1,413,Mon Jan 31 2022 18:17:19 GMT+0100 (hora estándar de Europa central)
1,411,Mon Jan 31 2022 18:17:23 GMT+0100 (hora estándar de Europa central)
1,413,Mon Jan 31 2022 18:17:27 GMT+0100 (hora estándar de Europa central)
1,407,Mon Jan 31 2022 18:17:31 GMT+0100 (hora estándar de Europa central)
1,404,Mon Jan 31 2022 18:17:35 GMT+0100 (hora estándar de Europa central)
1,405,Mon Jan 31 2022 18:17:39 GMT+0100 (hora estándar de Europa central)
1,404,Mon Jan 31 2022 18:17:43 GMT+0100 (hora estándar de Europa central)
1,404,Mon Jan 31 2022 18:17:47 GMT+0100 (hora estándar de Europa central)
1,411,Mon Jan 31 2022 18:17:51 GMT+0100 (hora estándar de Europa central)
1,409,Mon Jan 31 2022 18:17:55 GMT+0100 (hora estándar de Europa central)
1,401,Mon Jan 31 2022 18:17:59 GMT+0100 (hora estándar de Europa central)
1,400,Mon Jan 31 2022 18:18:03 GMT+0100 (hora estándar de Europa central)
1,406,Mon Jan 31 2022 18:18:07 GMT+0100 (hora estándar de Europa central)
1,405,Mon Jan 31 2022 18:18:11 GMT+0100 (hora estándar de Europa central)
1,404,Mon Jan 31 2022 18:18:15 GMT+0100 (hora estándar de Europa central)
1,408,Mon Jan 31 2022 18:18:19 GMT+0100 (hora estándar de Europa central)
1,403,Mon Jan 31 2022 18:18:23 GMT+0100 (hora estándar de Europa central)
1,411,Mon Jan 31 2022 18:18:27 GMT+0100 (hora estándar de Europa central)
1,406,Mon Jan 31 2022 18:18:31 GMT+0100 (hora estándar de Europa central)
1,402,Mon Jan 31 2022 18:18:35 GMT+0100 (hora estándar de Europa central)
1,411,Mon Jan 31 2022 18:18:39 GMT+0100 (hora estándar de Europa central)
1,412,Mon Jan 31 2022 18:18:43 GMT+0100 (hora estándar de Europa central)
1,408,Mon Jan 31 2022 18:18:47 GMT+0100 (hora estándar de Europa central)
1,406,Mon Jan 31 2022 18:18:51 GMT+0100 (hora estándar de Europa central)
1,412,Mon Jan 31 2022 18:18:55 GMT+0100 (hora estándar de Europa central)
1,414,Mon Jan 31 2022 18:18:59 GMT+0100 (hora estándar de Europa central)
1,418,Mon Jan 31 2022 18:19:03 GMT+0100 (hora estándar de Europa central)
1,419,Mon Jan 31 2022 18:19:07 GMT+0100 (hora estándar de Europa central)
1,411,Mon Jan 31 2022 18:19:11 GMT+0100 (hora estándar de Europa central)
1,411,Mon Jan 31 2022 18:19:15 GMT+0100 (hora estándar de Europa central)
1,406,Mon Jan 31 2022 18:19:19 GMT+0100 (hora estándar de Europa central)
1,405,Mon Jan 31 2022 18:19:23 GMT+0100 (hora estándar de Europa central)
1,404,Mon Jan 31 2022 18:19:27 GMT+0100 (hora estándar de Europa central)
1,402,Mon Jan 31 2022 18:19:31 GMT+0100 (hora estándar de Europa central)
1,405,Mon Jan 31 2022 18:19:35 GMT+0100 (hora estándar de Europa central)
1,403,Mon Jan 31 2022 18:19:39 GMT+0100 (hora estándar de Europa central)
1,402,Mon Jan 31 2022 18:19:43 GMT+0100 (hora estándar de Europa central)
1,406,Mon Jan 31 2022 18:19:47 GMT+0100 (hora estándar de Europa central)
1,404,Mon Jan 31 2022 18:19:51 GMT+0100 (hora estándar de Europa central)
1,403,Mon Jan 31 2022 18:19:55 GMT+0100 (hora estándar de Europa central)
1,405,Mon Jan 31 2022 18:19:59 GMT+0100 (hora estándar de Europa central)
1,406,Mon Jan 31 2022 18:20:03 GMT+0100 (hora estándar de Europa central)
1,404,Mon Jan 31 2022 18:20:07 GMT+0100 (hora estándar de Europa central)
1,404,Mon Jan 31 2022 18:20:11 GMT+0100 (hora estándar de Europa central)
1,404,Mon Jan 31 2022 18:20:15 GMT+0100 (hora estándar de Europa central)
1,402,Mon Jan 31 2022 18:20:19 GMT+0100 (hora estándar de Europa central)
1,403,Mon Jan 31 2022 18:20:23 GMT+0100 (hora estándar de Europa central)
1,403,Mon Jan 31 2022 18:20:27 GMT+0100 (hora estándar de Europa central)
1,401,Mon Jan 31 2022 18:20:31 GMT+0100 (hora estándar de Europa central)
1,400,Mon Jan 31 2022 18:20:35 GMT+0100 (hora estándar de Europa central)
1,400,Mon Jan 31 2022 18:20:39 GMT+0100 (hora estándar de Europa central)
1,400,Mon Jan 31 2022 18:20:43 GMT+0100 (hora estándar de Europa central)
1,400,Mon Jan 31 2022 18:20:47 GMT+0100 (hora estándar de Europa central)
1,400,Mon Jan 31 2022 18:20:51 GMT+0100 (hora estándar de Europa central)
1,400,Mon Jan 31 2022 18:20:55 GMT+0100 (hora estándar de Europa central)
1,400,Mon Jan 31 2022 18:20:59 GMT+0100 (hora estándar de Europa central)
1,402,Mon Jan 31 2022 18:21:03 GMT+0100 (hora estándar de Europa central)
1,400,Mon Jan 31 2022 18:21:07 GMT+0100 (hora estándar de Europa central)
1,411,Mon Jan 31 2022 18:21:11 GMT+0100 (hora estándar de Europa central)
1,407,Mon Jan 31 2022 18:21:15 GMT+0100 (hora estándar de Europa central)
1,403,Mon Jan 31 2022 18:21:19 GMT+0100 (hora estándar de Europa central)
1,404,Mon Jan 31 2022 18:21:23 GMT+0100 (hora estándar de Europa central)
1,410,Mon Jan 31 2022 18:21:27 GMT+0100 (hora estándar de Europa central)
1,404,Mon Jan 31 2022 18:21:31 GMT+0100 (hora estándar de Europa central)
1,401,Mon Jan 31 2022 18:21:35 GMT+0100 (hora estándar de Europa central)
1,403,Mon Jan 31 2022 18:21:39 GMT+0100 (hora estándar de Europa central)
1,401,Mon Jan 31 2022 18:21:43 GMT+0100 (hora estándar de Europa central)
1,400,Mon Jan 31 2022 18:21:47 GMT+0100 (hora estándar de Europa central)
1,400,Mon Jan 31 2022 18:21:51 GMT+0100 (hora estándar de Europa central)
1,400,Mon Jan 31 2022 18:21:55 GMT+0100 (hora estándar de Europa central)
1,400,Mon Jan 31 2022 18:21:59 GMT+0100 (hora estándar de Europa central)
1,400,Mon Jan 31 2022 18:22:03 GMT+0100 (hora estándar de Europa central)
1,401,Mon Jan 31 2022 18:22:07 GMT+0100 (hora estándar de Europa central)
1,400,Mon Jan 31 2022 18:22:11 GMT+0100 (hora estándar de Europa central)
1,400,Mon Jan 31 2022 18:22:15 GMT+0100 (hora estándar de Europa central)
1,483,Mon Jan 31 2022 18:22:19 GMT+0100 (hora estándar de Europa central)
1,1272,Mon Jan 31 2022 18:22:23 GMT+0100 (hora estándar de Europa central)
1,2488,Mon Jan 31 2022 18:22:27 GMT+0100 (hora estándar de Europa central)
1,2972,Mon Jan 31 2022 18:22:31 GMT+0100 (hora estándar de Europa central)
1,3505,Mon Jan 31 2022 18:22:35 GMT+0100 (hora estándar de Europa central)
1,3522,Mon Jan 31 2022 18:22:39 GMT+0100 (hora estándar de Europa central)
1,3282,Mon Jan 31 2022 18:22:43 GMT+0100 (hora estándar de Europa central)
1,2002,Mon Jan 31 2022 18:22:47 GMT+0100 (hora estándar de Europa central)
1,1681,Mon Jan 31 2022 18:22:51 GMT+0100 (hora estándar de Europa central)
1,1545,Mon Jan 31 2022 18:22:55 GMT+0100 (hora estándar de Europa central)
1,1423,Mon Jan 31 2022 18:22:59 GMT+0100 (hora estándar de Europa central)
1,1320,Mon Jan 31 2022 18:23:03 GMT+0100 (hora estándar de Europa central)
1,1237,Mon Jan 31 2022 18:23:07 GMT+0100 (hora estándar de Europa central)
1,1158,Mon Jan 31 2022 18:23:11 GMT+0100 (hora estándar de Europa central)
1,1069,Mon Jan 31 2022 18:23:15 GMT+0100 (hora estándar de Europa central)
1,1022,Mon Jan 31 2022 18:23:19 GMT+0100 (hora estándar de Europa central)
1,977,Mon Jan 31 2022 18:23:23 GMT+0100 (hora estándar de Europa central)
1,909,Mon Jan 31 2022 18:23:27 GMT+0100 (hora estándar de Europa central)
1,870,Mon Jan 31 2022 18:23:31 GMT+0100 (hora estándar de Europa central)
1,854,Mon Jan 31 2022 18:23:35 GMT+0100 (hora estándar de Europa central)
1,827,Mon Jan 31 2022 18:23:39 GMT+0100 (hora estándar de Europa central)
1,801,Mon Jan 31 2022 18:23:43 GMT+0100 (hora estándar de Europa central)
1,786,Mon Jan 31 2022 18:23:47 GMT+0100 (hora estándar de Europa central)
1,776,Mon Jan 31 2022 18:23:51 GMT+0100 (hora estándar de Europa central)
1,756,Mon Jan 31 2022 18:23:55 GMT+0100 (hora estándar de Europa central)
1,726,Mon Jan 31 2022 18:23:59 GMT+0100 (hora estándar de Europa central)
1,713,Mon Jan 31 2022 18:24:03 GMT+0100 (hora estándar de Europa central)
1,696,Mon Jan 31 2022 18:24:07 GMT+0100 (hora estándar de Europa central)
1,686,Mon Jan 31 2022 18:24:11 GMT+0100 (hora estándar de Europa central)
1,687,Mon Jan 31 2022 18:24:15 GMT+0100 (hora estándar de Europa central)
1,680,Mon Jan 31 2022 18:24:19 GMT+0100 (hora estándar de Europa central)
1,672,Mon Jan 31 2022 18:24:23 GMT+0100 (hora estándar de Europa central)
1,664,Mon Jan 31 2022 18:24:27 GMT+0100 (hora estándar de Europa central)
1,660,Mon Jan 31 2022 18:24:31 GMT+0100 (hora estándar de Europa central)
1,655,Mon Jan 31 2022 18:24:35 GMT+0100 (hora estándar de Europa central)
1,640,Mon Jan 31 2022 18:24:39 GMT+0100 (hora estándar de Europa central)
1,636,Mon Jan 31 2022 18:24:43 GMT+0100 (hora estándar de Europa central)
1,623,Mon Jan 31 2022 18:24:47 GMT+0100 (hora estándar de Europa central)
1,606,Mon Jan 31 2022 18:24:51 GMT+0100 (hora estándar de Europa central)
1,604,Mon Jan 31 2022 18:24:55 GMT+0100 (hora estándar de Europa central)
1,599,Mon Jan 31 2022 18:24:59 GMT+0100 (hora estándar de Europa central)
1,600,Mon Jan 31 2022 18:25:03 GMT+0100 (hora estándar de Europa central)
1,592,Mon Jan 31 2022 18:25:07 GMT+0100 (hora estándar de Europa central)
1,585,Mon Jan 31 2022 18:25:11 GMT+0100 (hora estándar de Europa central)
1,581,Mon Jan 31 2022 18:25:15 GMT+0100 (hora estándar de Europa central)
1,576,Mon Jan 31 2022 18:25:19 GMT+0100 (hora estándar de Europa central)
1,573,Mon Jan 31 2022 18:25:23 GMT+0100 (hora estándar de Europa central)
1,596,Mon Jan 31 2022 18:25:27 GMT+0100 (hora estándar de Europa central)
1,582,Mon Jan 31 2022 18:25:31 GMT+0100 (hora estándar de Europa central)
1,561,Mon Jan 31 2022 18:25:35 GMT+0100 (hora estándar de Europa central)
1,576,Mon Jan 31 2022 18:25:39 GMT+0100 (hora estándar de Europa central)
1,560,Mon Jan 31 2022 18:25:43 GMT+0100 (hora estándar de Europa central)
1,557,Mon Jan 31 2022 18:25:47 GMT+0100 (hora estándar de Europa central)
1,551,Mon Jan 31 2022 18:25:51 GMT+0100 (hora estándar de Europa central)
1,549,Mon Jan 31 2022 18:25:55 GMT+0100 (hora estándar de Europa central)
1,549,Mon Jan 31 2022 18:25:59 GMT+0100 (hora estándar de Europa central)
1,552,Mon Jan 31 2022 18:26:03 GMT+0100 (hora estándar de Europa central)
1,553,Mon Jan 31 2022 18:26:07 GMT+0100 (hora estándar de Europa central)
1,547,Mon Jan 31 2022 18:26:11 GMT+0100 (hora estándar de Europa central)
1,547,Mon Jan 31 2022 18:26:15 GMT+0100 (hora estándar de Europa central)
1,544,Mon Jan 31 2022 18:26:19 GMT+0100 (hora estándar de Europa central)
1,538,Mon Jan 31 2022 18:26:23 GMT+0100 (hora estándar de Europa central)
1,546,Mon Jan 31 2022 18:26:27 GMT+0100 (hora estándar de Europa central)
1,539,Mon Jan 31 2022 18:26:31 GMT+0100 (hora estándar de Europa central)
1,534,Mon Jan 31 2022 18:26:35 GMT+0100 (hora estándar de Europa central)
1,549,Mon Jan 31 2022 18:26:39 GMT+0100 (hora estándar de Europa central)
1,541,Mon Jan 31 2022 18:26:43 GMT+0100 (hora estándar de Europa central)
1,544,Mon Jan 31 2022 18:26:47 GMT+0100 (hora estándar de Europa central)
1,536,Mon Jan 31 2022 18:26:51 GMT+0100 (hora estándar de Europa central)
1,525,Mon Jan 31 2022 18:26:55 GMT+0100 (hora estándar de Europa central)
1,531,Mon Jan 31 2022 18:26:59 GMT+0100 (hora estándar de Europa central)
1,523,Mon Jan 31 2022 18:27:03 GMT+0100 (hora estándar de Europa central)
1,510,Mon Jan 31 2022 18:27:07 GMT+0100 (hora estándar de Europa central)
1,514,Mon Jan 31 2022 18:27:11 GMT+0100 (hora estándar de Europa central)
1,507,Mon Jan 31 2022 18:27:15 GMT+0100 (hora estándar de Europa central)
1,506,Mon Jan 31 2022 18:27:19 GMT+0100 (hora estándar de Europa central)
1,507,Mon Jan 31 2022 18:27:23 GMT+0100 (hora estándar de Europa central)
1,505,Mon Jan 31 2022 18:27:27 GMT+0100 (hora estándar de Europa central)
1,502,Mon Jan 31 2022 18:27:31 GMT+0100 (hora estándar de Europa central)
1,491,Mon Jan 31 2022 18:27:35 GMT+0100 (hora estándar de Europa central)
1,487,Mon Jan 31 2022 18:27:39 GMT+0100 (hora estándar de Europa central)
1,488,Mon Jan 31 2022 18:27:43 GMT+0100 (hora estándar de Europa central)
1,484,Mon Jan 31 2022 18:27:47 GMT+0100 (hora estándar de Europa central)
1,481,Mon Jan 31 2022 18:27:51 GMT+0100 (hora estándar de Europa central)
1,471,Mon Jan 31 2022 18:27:55 GMT+0100 (hora estándar de Europa central)
1,480,Mon Jan 31 2022 18:27:59 GMT+0100 (hora estándar de Europa central)
1,475,Mon Jan 31 2022 18:28:03 GMT+0100 (hora estándar de Europa central)
1,472,Mon Jan 31 2022 18:28:07 GMT+0100 (hora estándar de Europa central)
1,467,Mon Jan 31 2022 18:28:11 GMT+0100 (hora estándar de Europa central)
1,467,Mon Jan 31 2022 18:28:15 GMT+0100 (hora estándar de Europa central)
1,465,Mon Jan 31 2022 18:28:19 GMT+0100 (hora estándar de Europa central)
1,462,Mon Jan 31 2022 18:28:23 GMT+0100 (hora estándar de Europa central)
1,462,Mon Jan 31 2022 18:28:27 GMT+0100 (hora estándar de Europa central)
1,463,Mon Jan 31 2022 18:28:31 GMT+0100 (hora estándar de Europa central)
1,460,Mon Jan 31 2022 18:28:35 GMT+0100 (hora estándar de Europa central)
1,454,Mon Jan 31 2022 18:28:39 GMT+0100 (hora estándar de Europa central)
1,450,Mon Jan 31 2022 18:28:43 GMT+0100 (hora estándar de Europa central)
1,448,Mon Jan 31 2022 18:28:47 GMT+0100 (hora estándar de Europa central)
1,445,Mon Jan 31 2022 18:28:51 GMT+0100 (hora estándar de Europa central)
1,444,Mon Jan 31 2022 18:28:55 GMT+0100 (hora estándar de Europa central)
1,432,Mon Jan 31 2022 18:28:59 GMT+0100 (hora estándar de Europa central)
1,435,Mon Jan 31 2022 18:29:03 GMT+0100 (hora estándar de Europa central)
1,431,Mon Jan 31 2022 18:29:07 GMT+0100 (hora estándar de Europa central)
1,435,Mon Jan 31 2022 18:29:11 GMT+0100 (hora estándar de Europa central)
1,434,Mon Jan 31 2022 18:29:15 GMT+0100 (hora estándar de Europa central)
1,433,Mon Jan 31 2022 18:29:19 GMT+0100 (hora estándar de Europa central)
1,430,Mon Jan 31 2022 18:29:23 GMT+0100 (hora estándar de Europa central)
1,430,Mon Jan 31 2022 18:29:27 GMT+0100 (hora estándar de Europa central)
1,422,Mon Jan 31 2022 18:29:31 GMT+0100 (hora estándar de Europa central)
1,426,Mon Jan 31 2022 18:29:35 GMT+0100 (hora estándar de Europa central)
1,422,Mon Jan 31 2022 18:29:39 GMT+0100 (hora estándar de Europa central)
1,422,Mon Jan 31 2022 18:29:43 GMT+0100 (hora estándar de Europa central)
1,420,Mon Jan 31 2022 18:29:47 GMT+0100 (hora estándar de Europa central)
1,414,Mon Jan 31 2022 18:29:51 GMT+0100 (hora estándar de Europa central)
1,417,Mon Jan 31 2022 18:29:55 GMT+0100 (hora estándar de Europa central)
1,416,Mon Jan 31 2022 18:29:59 GMT+0100 (hora estándar de Europa central)
1,414,Mon Jan 31 2022 18:30:03 GMT+0100 (hora estándar de Europa central)
1,414,Mon Jan 31 2022 18:30:07 GMT+0100 (hora estándar de Europa central)
1,408,Mon Jan 31 2022 18:30:11 GMT+0100 (hora estándar de Europa central)
1,401,Mon Jan 31 2022 18:30:15 GMT+0100 (hora estándar de Europa central)
1,402,Mon Jan 31 2022 18:30:19 GMT+0100 (hora estándar de Europa central)
1,400,Mon Jan 31 2022 18:30:23 GMT+0100 (hora estándar de Europa central)
1,400,Mon Jan 31 2022 18:30:27 GMT+0100 (hora estándar de Europa central)
1,400,Mon Jan 31 2022 18:30:31 GMT+0100 (hora estándar de Europa central)
1,400,Mon Jan 31 2022 18:30:35 GMT+0100 (hora estándar de Europa central)
1,400,Mon Jan 31 2022 18:30:39 GMT+0100 (hora estándar de Europa central)
1,400,Mon Jan 31 2022 18:30:43 GMT+0100 (hora estándar de Europa central)
1,400,Mon Jan 31 2022 18:30:47 GMT+0100 (hora estándar de Europa central)
1,400,Mon Jan 31 2022 18:30:51 GMT+0100 (hora estándar de Europa central)
1,400,Mon Jan 31 2022 18:30:55 GMT+0100 (hora estándar de Europa central)
1,400,Mon Jan 31 2022 18:30:59 GMT+0100 (hora estándar de Europa central)
1,400,Mon Jan 31 2022 18:31:03 GMT+0100 (hora estándar de Europa central)
1,400,Mon Jan 31 2022 18:31:07 GMT+0100 (hora estándar de Europa central)
1,400,Mon Jan 31 2022 18:31:11 GMT+0100 (hora estándar de Europa central)
1,400,Mon Jan 31 2022 18:31:15 GMT+0100 (hora estándar de Europa central)
1,400,Mon Jan 31 2022 18:31:19 GMT+0100 (hora estándar de Europa central)
1,400,Mon Jan 31 2022 18:31:23 GMT+0100 (hora estándar de Europa central)
1,400,Mon Jan 31 2022 18:31:27 GMT+0100 (hora estándar de Europa central)
1,400,Mon Jan 31 2022 18:31:31 GMT+0100 (hora estándar de Europa central)
1,400,Mon Jan 31 2022 18:31:35 GMT+0100 (hora estándar de Europa central)
1,400,Mon Jan 31 2022 18:31:39 GMT+0100 (hora estándar de Europa central)
1,400,Mon Jan 31 2022 18:31:43 GMT+0100 (hora estándar de Europa central)
1,400,Mon Jan 31 2022 18:31:47 GMT+0100 (hora estándar de Europa central)
1,400,Mon Jan 31 2022 18:31:51 GMT+0100 (hora estándar de Europa central)
1,400,Mon Jan 31 2022 18:31:55 GMT+0100 (hora estándar de Europa central)
1,400,Mon Jan 31 2022 18:31:59 GMT+0100 (hora estándar de Europa central)
1,400,Mon Jan 31 2022 18:32:03 GMT+0100 (hora estándar de Europa central)
1,400,Mon Jan 31 2022 18:32:07 GMT+0100 (hora estándar de Europa central)
1,400,Mon Jan 31 2022 18:32:11 GMT+0100 (hora estándar de Europa central)
1,400,Mon Jan 31 2022 18:32:15 GMT+0100 (hora estándar de Europa central)
1,400,Mon Jan 31 2022 18:32:19 GMT+0100 (hora estándar de Europa central)
1,400,Mon Jan 31 2022 18:32:23 GMT+0100 (hora estándar de Europa central)
1,400,Mon Jan 31 2022 18:32:27 GMT+0100 (hora estándar de Europa central)
1,400,Mon Jan 31 2022 18:32:31 GMT+0100 (hora estándar de Europa central)
1,400,Mon Jan 31 2022 18:32:35 GMT+0100 (hora estándar de Europa central)
1,400,Mon Jan 31 2022 18:32:39 GMT+0100 (hora estándar de Europa central)
1,400,Mon Jan 31 2022 18:32:43 GMT+0100 (hora estándar de Europa central)
1,400,Mon Jan 31 2022 18:32:47 GMT+0100 (hora estándar de Europa central)
1,400,Mon Jan 31 2022 18:32:51 GMT+0100 (hora estándar de Europa central)
1,400,Mon Jan 31 2022 18:32:55 GMT+0100 (hora estándar de Europa central)
1,400,Mon Jan 31 2022 18:32:59 GMT+0100 (hora estándar de Europa central)
1,400,Mon Jan 31 2022 18:33:03 GMT+0100 (hora estándar de Europa central)
1,400,Mon Jan 31 2022 18:33:07 GMT+0100 (hora estándar de Europa central)
1,400,Mon Jan 31 2022 18:33:11 GMT+0100 (hora estándar de Europa central)
1,400,Mon Jan 31 2022 18:33:15 GMT+0100 (hora estándar de Europa central)
1,400,Mon Jan 31 2022 18:33:19 GMT+0100 (hora estándar de Europa central)
1,400,Mon Jan 31 2022 18:33:23 GMT+0100 (hora estándar de Europa central)
1,400,Mon Jan 31 2022 18:33:27 GMT+0100 (hora estándar de Europa central)
1,400,Mon Jan 31 2022 18:33:31 GMT+0100 (hora estándar de Europa central)
1,400,Mon Jan 31 2022 18:33:35 GMT+0100 (hora estándar de Europa central)
1,400,Mon Jan 31 2022 18:33:39 GMT+0100 (hora estándar de Europa central)
1,400,Mon Jan 31 2022 18:33:43 GMT+0100 (hora estándar de Europa central)
1,400,Mon Jan 31 2022 18:33:47 GMT+0100 (hora estándar de Europa central)
1,400,Mon Jan 31 2022 18:33:51 GMT+0100 (hora estándar de Europa central)
1,400,Mon Jan 31 2022 18:33:55 GMT+0100 (hora estándar de Europa central)
